{"cameraMode":{"drawMode":0,"name":"Shaded","section":"Shading Mode"},"sceneLighting":false,"audioPlay":false,"sceneViewState":{"m_AlwaysRefresh":false,"showFog":true,"showSkybox":false,"showFlares":true,"showImageEffects":true,"showParticleSystems":true,"showVisualEffectGraphs":true,"m_FxEnabled":true},"in2DMode":false,"pivot":{"x":-9.989999771118164,"y":0.8299999237060547,"z":10.609999656677246},"rotation":{"x":0.060630589723587039,"y":0.9070222973823547,"z":-0.14015699923038484,"w":0.3923887312412262},"size":1.4402806758880616,"orthographic":false}