{"cameraMode":{"drawMode":0,"name":"Shaded","section":"Shading Mode"},"sceneLighting":true,"audioPlay":false,"sceneViewState":{"m_AlwaysRefresh":false,"showFog":true,"showSkybox":true,"showFlares":true,"showImageEffects":true,"showParticleSystems":true,"showVisualEffectGraphs":true,"m_FxEnabled":true},"in2DMode":false,"pivot":{"x":15.059162139892579,"y":4.165780067443848,"z":13.754725456237793},"rotation":{"x":-0.018336353823542596,"y":0.8798713684082031,"z":-0.47362861037254336,"w":-0.03406725078821182},"size":1.7533979415893555,"orthographic":false}