{"cameraMode":{"drawMode":0,"name":"Shaded","section":"Shading Mode"},"sceneLighting":true,"audioPlay":false,"sceneViewState":{"m_AlwaysRefresh":false,"showFog":true,"showSkybox":true,"showFlares":true,"showImageEffects":true,"showParticleSystems":true,"showVisualEffectGraphs":true,"m_FxEnabled":true},"in2DMode":false,"pivot":{"x":11.516676902770996,"y":-0.27770328521728518,"z":-16.18167495727539},"rotation":{"x":0.006126081105321646,"y":0.99117511510849,"z":-0.04941141605377197,"w":0.12283597886562348},"size":12.12435531616211,"orthographic":false}