{"cameraMode":{"drawMode":0,"name":"Shaded","section":"Shading Mode"},"sceneLighting":false,"audioPlay":false,"sceneViewState":{"m_AlwaysRefresh":false,"showFog":true,"showSkybox":false,"showFlares":true,"showImageEffects":true,"showParticleSystems":true,"showVisualEffectGraphs":true,"m_FxEnabled":true},"in2DMode":false,"pivot":{"x":-9.198299407958985,"y":0.4232931137084961,"z":12.291879653930664},"rotation":{"x":-0.00015078828437253833,"y":-0.9998447299003601,"z":0.015310228802263737,"w":-0.010205156169831753},"size":2.1124401092529299,"orthographic":false}